start_offset,end_offset,book2,ms2
79479,79494,0487AbuCubaydBakri.MasalikWaMamalik.Shamela0023849-ara1.mARkdown,176
44138,44361,0845Maqrizi.IghathaUmma.Kraken210223142017-ara1,2
33958,34076,0845Maqrizi.IghathaUmma.Kraken210223142017-ara1,3
39207,39300,0845Maqrizi.KhabarCanBashar.MMS00013-ara1,2229
30300,30332,0845Maqrizi.KhabarCanBashar.MMS00013-ara1,2217
32408,32447,0845Maqrizi.KhabarCanBashar.MMS00013-ara1,2220
24445,24574,0845Maqrizi.KhabarCanBashar.MMS00013-ara1,2426
39174,39294,0845Maqrizi.KhabarCanBashar.MMS00013-ara1,2224
20418,20564,0845Maqrizi.KhabarCanBashar.MMS00013-ara1,2781
44100,44120,0845Maqrizi.KhabarCanBashar.MMS00013-ara1,2469
21151,21279,0845Maqrizi.KhabarCanBashar.MMS00013-ara1,2796
20700,20921,0845Maqrizi.KhabarCanBashar.MMS00013-ara1,2794
39300,39485,0845Maqrizi.KhabarCanBashar.MMS00013-ara1,2224
30039,30300,0845Maqrizi.KhabarCanBashar.MMS00013-ara1,2217
30600,30631,0845Maqrizi.KhabarCanBashar.MMS00013-ara1,2218
28409,28495,0845Maqrizi.KhabarCanBashar.MMS00013-ara1,335
30332,30600,0845Maqrizi.KhabarCanBashar.MMS00013-ara1,2218
29700,30000,0845Maqrizi.KhabarCanBashar.MMS00013-ara1,2216
22214,22365,0845Maqrizi.KhabarCanBashar.MMS00013-ara1,2424
39045,39184,0845Maqrizi.KhabarCanBashar.MMS00013-ara1,2228
9670,9837,0845Maqrizi.KhabarCanBashar.MMS00013-ara1,2610
29108,29176,0845Maqrizi.KhabarCanBashar.MMS00013-ara1,2212
21765,21900,0845Maqrizi.KhabarCanBashar.MMS00013-ara1,2857
39600,39891,0845Maqrizi.KhabarCanBashar.MMS00013-ara1,2225
9837,9900,0845Maqrizi.KhabarCanBashar.MMS00013-ara1,2611
21000,21138,0845Maqrizi.KhabarCanBashar.MMS00013-ara1,2795
30000,30039,0845Maqrizi.KhabarCanBashar.MMS00013-ara1,2216
8815,8938,0845Maqrizi.KhabarCanBashar.MMS00013-ara1,331
30643,30900,0845Maqrizi.KhabarCanBashar.MMS00013-ara1,2219
39915,40058,0845Maqrizi.KhabarCanBashar.MMS00013-ara1,2231
12684,12846,0845Maqrizi.KhabarCanBashar.MMS00013-ara1,2195
20944,20996,0845Maqrizi.KhabarCanBashar.MMS00013-ara1,2795
10111,10186,0845Maqrizi.KhabarCanBashar.MMS00013-ara1,2612
27097,27264,0845Maqrizi.KhabarCanBashar.MMS00013-ara1,335
36441,36522,0845Maqrizi.KhabarCanBashar.MMS00013-ara1,2220
9902,10111,0845Maqrizi.KhabarCanBashar.MMS00013-ara1,2611
29250,29375,0845Maqrizi.KhabarCanBashar.MMS00013-ara1,2215
40800,41099,0845Maqrizi.KhabarCanBashar.MMS00013-ara1,2233
24749,24856,0845Maqrizi.KhabarCanBashar.MMS00013-ara1,2413
21192,21299,0845Maqrizi.KhabarCanBashar.MMS00013-ara1,2409
38405,38492,0845Maqrizi.KhabarCanBashar.MMS00013-ara1,2228
36906,36999,0845Maqrizi.KhabarCanBashar.MMS00013-ara1,2227
39522,39597,0845Maqrizi.KhabarCanBashar.MMS00013-ara1,2230
39485,39600,0845Maqrizi.KhabarCanBashar.MMS00013-ara1,2225
20864,20996,0845Maqrizi.KhabarCanBashar.MMS00013-ara1,2802
23930,23999,0845Maqrizi.KhabarCanBashar.MMS00013-ara1,2426
21607,21767,0845Maqrizi.KhabarCanBashar.MMS00013-ara1,2856
20843,20884,0845Maqrizi.KhabarCanBashar.MMS00013-ara1,2802
29424,29503,0845Maqrizi.KhabarCanBashar.MMS00013-ara1,2213
40342,40450,0845Maqrizi.KhabarCanBashar.MMS00013-ara1,2231
29176,29241,0845Maqrizi.KhabarCanBashar.MMS00013-ara1,2213
21043,21209,0845Maqrizi.KhabarCanBashar.MMS00013-ara1,2803
10316,10402,0845Maqrizi.KhabarCanBashar.MMS00013-ara1,2635
29684,29700,0845Maqrizi.KhabarCanBashar.MMS00013-ara1,2216
29428,29667,0845Maqrizi.KhabarCanBashar.MMS00013-ara1,2215
76228,76417,0845Maqrizi.KhabarCanBashar.MMS00013-ara1,2927
39600,39900,0845Maqrizi.KhabarCanBashar.MMS00013-ara1,2230
39300,39522,0845Maqrizi.KhabarCanBashar.MMS00013-ara1,2229
40501,40797,0845Maqrizi.KhabarCanBashar.MMS00013-ara1,2232
39900,40088,0845Maqrizi.KhabarCanBashar.MMS00013-ara1,2226
21137,21150,0845Maqrizi.KhabarCanBashar.MMS00013-ara1,2795
39035,39128,0845Maqrizi.KhabarCanBashar.MMS00013-ara1,2223
46079,46199,0900IbnCabdMuncimHimyari.RawdMictar.Shamela0001043-ara1.mARkdown,787
46200,46279,0900IbnCabdMuncimHimyari.RawdMictar.Shamela0001043-ara1.mARkdown,787
8788,8917,0900IbnCabdMuncimHimyari.RawdMictar.Shamela0001043-ara1.mARkdown,615
5469,5524,0930IbnIyas.NuzhatUmam.Masaha004846-ara1,4
5203,5359,0930IbnIyas.NuzhatUmam.Masaha004846-ara1,3
6645,6703,0930IbnIyas.NuzhatUmam.Masaha004846-ara1,58
6953,7044,0930IbnIyas.NuzhatUmam.Masaha004846-ara1,58
3242,3300,0930IbnIyas.NuzhatUmam.Masaha004846-ara1,58
63300,63368,0845Maqrizi.Mawaciz.Shamela0011566-ara1.mARkdown,354
23108,23205,0845Maqrizi.Mawaciz.Shamela0011566-ara1.mARkdown,2159
59376,59400,0845Maqrizi.Mawaciz.Shamela0011566-ara1.mARkdown,354
41101,41131,0845Maqrizi.Mawaciz.Shamela0011566-ara1.mARkdown,347
82801,82923,0845Maqrizi.Mawaciz.Shamela0011566-ara1.mARkdown,608
39300,39591,0845Maqrizi.Mawaciz.Shamela0011566-ara1.mARkdown,345
11778,11973,0845Maqrizi.Mawaciz.Shamela0011566-ara1.mARkdown,2153
42647,42832,0845Maqrizi.Mawaciz.Shamela0011566-ara1.mARkdown,353
12630,12661,0845Maqrizi.Mawaciz.Shamela0011566-ara1.mARkdown,327
59400,59467,0845Maqrizi.Mawaciz.Shamela0011566-ara1.mARkdown,354
50400,50584,0845Maqrizi.Mawaciz.Shamela0011566-ara1.mARkdown,353
63090,63221,0845Maqrizi.Mawaciz.Shamela0011566-ara1.mARkdown,354
39755,39900,0845Maqrizi.Mawaciz.Shamela0011566-ara1.mARkdown,346
6904,7034,0845Maqrizi.Mawaciz.Shamela0011566-ara1.mARkdown,120
44100,44135,0845Maqrizi.Mawaciz.Shamela0011566-ara1.mARkdown,353
44038,44100,0845Maqrizi.Mawaciz.Shamela0011566-ara1.mARkdown,353
42429,42542,0845Maqrizi.Mawaciz.Shamela0011566-ara1.mARkdown,352
55853,55880,0845Maqrizi.Mawaciz.Shamela0011566-ara1.mARkdown,353
42102,42290,0845Maqrizi.Mawaciz.Shamela0011566-ara1.mARkdown,352
5138,5301,0845Maqrizi.Mawaciz.Shamela0011566-ara1.mARkdown,19
6648,6760,0845Maqrizi.Mawaciz.Shamela0011566-ara1.mARkdown,120
3325,3492,0845Maqrizi.Mawaciz.Shamela0011566-ara1.mARkdown,28
15058,15243,0845Maqrizi.Mawaciz.Shamela0011566-ara1.mARkdown,328
38309,38400,0845Maqrizi.Mawaciz.Shamela0011566-ara1.mARkdown,344
22933,23100,0845Maqrizi.Mawaciz.Shamela0011566-ara1.mARkdown,2159
5400,5548,0845Maqrizi.Mawaciz.Shamela0011566-ara1.mARkdown,20
39188,39271,0845Maqrizi.Mawaciz.Shamela0011566-ara1.mARkdown,345
40029,40078,0845Maqrizi.Mawaciz.Shamela0011566-ara1.mARkdown,347
36905,37132,0845Maqrizi.Mawaciz.Shamela0011566-ara1.mARkdown,344
79322,79423,0845Maqrizi.Mawaciz.Shamela0011566-ara1.mARkdown,1431
22800,22902,0845Maqrizi.Mawaciz.Shamela0011566-ara1.mARkdown,2158
38408,38548,0845Maqrizi.Mawaciz.Shamela0011566-ara1.mARkdown,344
39900,40029,0845Maqrizi.Mawaciz.Shamela0011566-ara1.mARkdown,346
39600,39744,0845Maqrizi.Mawaciz.Shamela0011566-ara1.mARkdown,346
