begin	begin2	end	end2	gid	gid2	id	id2	matches	s1	s2	seq	seq2	shard	uid	uid2	ch_match	align_len	matches_percentage	w_match	series_b1	series_b2
676	1	974	361	-6636270028460100563	-4029061759496275370	0845Maqrizi.Mawaciz.Shamela0011566-ara1.mARkdown.ms0354	0375AnonymousTranslator.TarikhCalamUrusiyus.MAB020626-ara1.completed.ms212	215	غور عظيم وخرج منه لهب اشتعل حتي ظنوه بلغ السماء ونظر اهل------ رومة يومءذ الي عمود من الارض الي السماء لونه لون الذهب وكان من عظمه ---تكاد الشمس ان تغيب منه --ثم --ولي- --------ال-ا-سكند-رية بعده كلوباطرة سنتين-- ف-دامت- م-ملكة -ال--اسكندر-ية وهي الدولة المجدونية ال--ي اول م-لوك قيصر ال--ذي -هو اول ملوك الروماني-ين ----ما------ءتين و----ا----حدي- و-ثمان--ين ---س	غور عظيم وخرج منه لهب اشتعل حتي ظنوه بلغ السماء ونظر اهل مدينة رومة يومءذ الي عمود من الارض الي السماء لونه لون الذهب وكان من عظمه ما تكاد الشمس ان تغيب منه وكان درخشيه بن طيطش القاءد قد غمته هذه العلامات -فبيناه في بيته مغموما قتل ولم يعرف قاتله ال-باب السابع من الجزء الخامس وفي ذلك الزمان كان اهل -جنس ال-لقانيشين وجنس الجنطينشيين وجنش المرنتيين والبلنثيين وجنس	354	212	0	391720842297909304	5022453708568696492	164	364	59.06593322753906	29	0845Maqrizi.Mawaciz.Shamela0011566-ara1.mARkdown	0375AnonymousTranslator.TarikhCalamUrusiyus.MAB020626-ara1.completed
845	39	1263	549	-6636270028460100563	-4029061759496275370	0845Maqrizi.Mawaciz.Shamela0011566-ara1.mARkdown.ms2159	0375AnonymousTranslator.TarikhCalamUrusiyus.MAB020626-ara1.completed.ms078	272	-وق ال--لحم حتي ام--تلا ال-خندق -من الماء --وقام---- -----ي-----دعو الله عز ا-سمه -وقال في ----د----عا------ء-------ه اللهم اظهر لهذه الجماعة انك الرب واني عبدك عامل بامرك فانزل الله سبحانه نارا من السماء اكلت القربان وحجارة المذبح التي كان فوقها اللحم وجميع الماء الذي صب حوله فسجد القوم اجمعون وقالوا نشهد-- -ان الرب الله فقال الياس ------خذوا ا-بناء بعال -فا-خذو------ا وجء بهم- -فذ------بحهم كل---------------هم -ذبح-------ا----- --وقال لاحءب انزل وكل واشرب فان المطر نازل فنزل المطر علي ما قال وكان--- الجهد -----------قد اشت-د -لا-	حول المذبح ساقية محفورة فلم يزل يصب الماء حتي امتلات الساقية ثم دعا الله بكلام له موصوف في كتب ديوان الانبياء قال فيه اللهم اظهر لهذه الجماعة انك الرب واني بامرك فانزل الله نارا من السماء واكلت القربان والحجارة التي كان القربان -------------------------وجميع الماء الذي صب حوله فسجد القوم اجمعون وقالوا -شهدنا بان الرب الله فقال الياس النبي خذوا انبياء بعال ولا يفوتن منهم احد فلما اخذوا نهض بهم الي خندق يدعي قيشون فذبحهم فيه اجمعين ثم قال لاحاب انزل وكل واشرب فان المطر نازل فنزل المطر علي ما قال و-انقطع الجهد وكان المطر قد ارتفع ثلاث	2159	78	0	-6067955474615903976	-3052195094148682661	211	537	50.65176773071289	36	0845Maqrizi.Mawaciz.Shamela0011566-ara1.mARkdown	0375AnonymousTranslator.TarikhCalamUrusiyus.MAB020626-ara1.completed
25	1510	121	1634	-6636270028460100563	-4029061759496275370	0845Maqrizi.Mawaciz.Shamela0011566-ara1.mARkdown.ms0354	0375AnonymousTranslator.TarikhCalamUrusiyus.MAB020626-ara1.completed.ms198	94	---س-ن---ة وكان قبيح ال-سيرة-------------------- تزوج باخته ثم فارقها علي اقبح حال مما تزوجها عليه في خبر له ثم تزوج ربيبته	الاسكندرية وكان قبيح المعيشة قبيح الموت وذلك انه تزوج باخته ثم فارقها علي اقبح حال مما تزوجها عليه في خبر له ثم تزوج ربيبته	354	198	0	391720842297909304	8916144023908227257	74	124	75.80644989013672	18	0845Maqrizi.Mawaciz.Shamela0011566-ara1.mARkdown	0375AnonymousTranslator.TarikhCalamUrusiyus.MAB020626-ara1.completed
196	8	346	183	-6636270028460100563	-4029061759496275370	0845Maqrizi.Mawaciz.Shamela0011566-ara1.mARkdown.ms0347	0375AnonymousTranslator.TarikhCalamUrusiyus.MAB020626-ara1.completed.ms138	121	ع-د -ما زلزل -بدواهيه العظيمة ا-----ل------عالم كله وعم- اهله بعضا بالمنايا الفظيعة وبعضا بالتوطين عليها والمباشرة لاهوالها و-ا--وصي عند وف-ات-ه ان يلقب كل- -قاءم -في ال--يونا-	عند سماع هذه الدواهي- العظيمة التي زلزلت العالم كله وعمت اهله بعضا بالمنايا الفظيعة وبعضا بالتوطين عليها والمباشرة لاهوالها ويا نفسي هلا تفجعت وبكت عينك علي مصاءب اهل الدنيا اذ	347	138	0	-5461246677562321969	8672361581328763303	98	176	68.75	11	0845Maqrizi.Mawaciz.Shamela0011566-ara1.mARkdown	0375AnonymousTranslator.TarikhCalamUrusiyus.MAB020626-ara1.completed
458	5	977	640	-6636270028460100563	-4029061759496275370	0845Maqrizi.Mawaciz.Shamela0011566-ara1.mARkdown.ms0608	0375AnonymousTranslator.TarikhCalamUrusiyus.MAB020626-ara1.completed.ms277	383	من -هلاك هذه العدة العظيمة من البشر فان--صرف -النساء باولادهن -وقد --سررن سرورا كثيرا -فل--ما صا--ر من ------الليل -ا---لي مضجعه ----------راي في منامه شيخا يقول له انك رحمت الاطفال وامهاتهم ورايت احتمال علتك اولي من ذبحهم فقد رحمك الله ووهبك السلامة من علتك فا-ب--------عث -ا----لي رجل من اهل الايمان يدعي شلبشقر قد ---فر خوفا منك وقف عند-ما يامرك به والتزم ما يخصك عليه -تتم لك العافية ف--------------انتبه --------مذعو-------را- وبعث في طلب--- شلبشقر --ا-----لا--سقف فاتي به اليه وهو يظن انه يريد قتله --لما- -عهده من غلظته --عل-ي -النصاري و-مقته ----لدي-ن--هم فعندما -راه --ت-لقا---ه ---بالبشر واعلمه بما -راه في منا-مه ---قفص عليه د---ين ال---ن	من اهلاك هذه ال---جمل----ة من البشر وان يهلك بهلاكهم -امهاتهم اسفا ثم امر باطلاقهن مع اولادهن والكف عن جميعهم فلما صار الي مضجعه ليلته تلك راي من منامه شيخا يقول له انك رحمت الاطفال وامهاتهم ورايت احتمال علتك -و----اطلاقهم فقد رحمك الله ووهبك السلامة من علتك والبرء من داءك فابعث في رجل من اهل الايمان يدعي شلبشتر قد انتفي خوفا منك وقف عند ما يامرك به والتزم ما يحضك عليه وتتم لك العافية في بدنك وروحك فانتبه قسطنطين مذعورا مما راه وبعث في شلبشتر الاسقف جماعة من اعوانه فاتي به اليه وهو يظن انه يريد قتله فتلقاه بالبر والاكرام واعلمه بال-رءيا وكاشفه عن الديانة في خبر له طويل اختصرنا منه هذا الفصل واسقطنا ما تلاه من مناظرة شلبشتر اليهود وغير ذلك من	608	277	0	2408193061748366174	-7312958031726267851	289	649	59.01386642456055	49	0845Maqrizi.Mawaciz.Shamela0011566-ara1.mARkdown	0375AnonymousTranslator.TarikhCalamUrusiyus.MAB020626-ara1.completed
407	1	1632	1553	-6636270028460100563	-4029061759496275370	0845Maqrizi.Mawaciz.Shamela0011566-ara1.mARkdown.ms0345	0375AnonymousTranslator.TarikhCalamUrusiyus.MAB020626-ara1.completed.ms132	1090	ذاك علي الفرس وق-عة شنعاء ونكبة دهياء قتل فيها منهم عدد لا يحصي ولم يقتل من عسكر الاسكندر الا ماءة وعشرون فارسا وتسعون راجلا --ومضي الاسكندر -ففتح مد----ا-ءن وان--ت-هب --م-------ا-- --------------------------------------------------------------------فيه------ا- ف------بلغه ان دار------ا---- قد عبا واقبل نحوه بجمع عظيم فخاف ان يلحقه في ضيق الجبال التي كان فيها فقطع --------نحوا من ماءة ميل ---------------في سرعة عجيبة -----حتي بلغ مدينة طرسوس وكاد يهلك--- -لفرط ال--برد-- حتي- ا--نقبض عصبه --فلاقاه- ---دا-------را ---ف----ي ثلثما--ءة ا-لف ر-اجل- وماءة -ا-لف فا-رس ف---ل--ما-- التقي ال-جم---عا-ن كا-د -الاسكندر- ي--فر --لكثرة ----------ما -كا--ن-- ف----يه دارا -----------------وقلة م---ا- -------ك-------------ا---ن ف--------ي-------ه و-و-ق-ع -------القتال بينهما وباشر القواد الحرب بانفسهم وتنازل الابطال واختلف الطعن والضرب وضاق الفضاء باهله فباشر كلا الملكين الحرب بانفسهما دارا والاسكندر وكان الاسكندر اكمل اهل زمانه فروسية واشجعهم واقواهم جسما فباشر-ا حتي جرحا جميعا وتمادي الحرب بينهما حتي انهزم دارا ونزلت الوقيعة بالفرس فقتل من راجلهم نحو من ثمانين الفا ومن فرسانهم نحو من عشرة الاف واسر منهم نحو من اربعين الفا ولم يسقط من عسكر الاسكندر الا ماءتان وثلاثون راجلا وماءة وخمسون فارسا فانتهب الاسكندر جميع عسكر الفرس واصاب فيه من الذهب والفضة والامتعة الشريفة ما لا يحصي كثرة واصيب من جملة الاساري ام دارا وزوجته واخته وابنتاه فطلب دارا -------من الاسكندر فديتهن بنصف ملكه فلم يجبه ---------الي ذلك -فعبي دار----ا مرة ثالثة وحشد الفرس ---عن- اخرهم واستجاش بكل من قدر عليه- من الامم ف--------ب--------عث الاسكندر قاءدا -------في-- ---اسطو-----ل ----ل--لغارة علي بلد الفرس	ذلك علي الفرس وقيعة شنعاء ونكبة دهياء قتل فيها منهم عدد لا يحصي ولم يقتل من عسكر الاسكندر الا ماءة وعشرين فارسا وتسعون راجلا ثم مضي الاسكندر الي المدينة التي كانت تدعي يومءذ غوذيانه وهي تدعي اليوم شرذش فحاصرها حتي افتتحها وغلب عليها فهدمها وانتهب ما فيها فبيناه في ذلك بلغه ان داري ملك الفرس قد عبا واقبل نحوه بجمع عظيم فخاف ان يلحقه في ضيق الجبال التي كان فيها فقطع من يومه نحوا من ماءة ميل واجاز جبل طوره في سرعة عجيبة ومضي حتي بلغ مدينة طرسوس وكاد يهلك في النهر الذي يدعي جثيم اذ افرط عليه برد النهر حتي انقبض عصبه ووقفه علي الهلاك ثم ان داري ملك الفرس لاقاه بابية في ثلاثماءة الف راجل وماءة الف فارس واقبل داري يومءذ في كثرة كان يفزع لها الاسكندر فضلا عن غيره لكثرة من كان معه وقلة من كان مع الاسكندر اذ قربوا اليهم فلما التقي الجمعان وتواقفا واستحر القتال بينهما وباشر القواد الحرب بانفسهم وتنازل الابطال واختلف الطعن والضرب وضاق الفضاء باهله -باشر كلا الملكين الحرب بانفسهما داري والاسكندر وكان الاسكندر اكمل اهل زمانه فروس-ة واشجعهم واقواهم جسما فباشرها حتي جرحا جميعا وتمادت الحر--ب----- حتي انهزم داري ونزلت الوقيعة بالفرس فقتل من ر-جلهم نحو من ثمانين الفا ومن فرسانهم نحو من عشرة الاف واسر منهم نحو من اربعين الفا ولم يسقط من -المجذونيين-- الا ماءتان وثلاثون راجلا وماءة وخمسون فارسا فانتهب الاسكندر جميع عسكر الفرس واصاب فيه من الذهب والفضة والامتعة الشريفة ما لا تحصي كثرة واصيب في جملة الاس-ري ام داري وزوج-ه واخته وابنتاه فطلب داري فديتهن من الاسكندر -------بنصف ملكه فلم يجبه الاسكندر الي ذلك ثم ان داري عبا مرة ثالثة -----الفرس من عند اخرهم واستجاش بكل من قدر عليهم من الامم فبيناه يعبء لذلك بعث الاسكندر قاءدا يدعي يرميون بن مجذونيا في اصطول للغارة علي بلد الفرس	345	132	0	-3745066140168840225	7002854641275350999	871	1579	69.0310287475586	152	0845Maqrizi.Mawaciz.Shamela0011566-ara1.mARkdown	0375AnonymousTranslator.TarikhCalamUrusiyus.MAB020626-ara1.completed
11	396	904	1467	-6636270028460100563	-4029061759496275370	0845Maqrizi.Mawaciz.Shamela0011566-ara1.mARkdown.ms2153	0375AnonymousTranslator.TarikhCalamUrusiyus.MAB020626-ara1.completed.ms040	645	علي-- بني ا----سراءي-----ل -وا-ستعباده-م--- --واتخا-ذهم -سخريا في مهنة -الاعمال فاصابت- ف---رع-ون و-قو----مه -الجو------ا-ءح ا-ل--ع--شر ---وا-حدة بعد اخري ----وهو ---يثب-ت --لهم عند --------وقوعه------ا وي--فزع الي موسي في---- -الدعاء با---ن--ج-لاءها -ثم يلح --عند انكشافها فانها- كانت ع----ذا--با-- ---من ال-له عز وجل عذب ال---له بها-- -فرعون ----وقومه فمنها ان ---ماء مصر- -صا--ر دما حتي هلك اكثر اهل مصر عطشا وكثرت عليهم الضفادع حتي وسخت جميع مواضعهم وقذرت عليهم عيشهم وجميع ماكلهم و-------كثر ------الب-عوض حتي حبس الهواء ومنع النسيم و-------كثر عليهم ذباب الكلاب حتي جرح ابدانهم ونغص عليهم حياتهم و---ما-----ت----------ت دوابهم واغنامهم ------فجاة و-عم الناس الجرب والجدري-------- حتي زاد منظرهم قبحا علي مناظر الجذم-ي ونزل من السماء برد --مخلوط ب--صواعق ا--هلك كل ما ادركه من الناس والحيوا-نات وذهب بجميع الثمار و----كثر- الجراد- والجنادب التي اكلت الاشجار-- واستقصت اصول النبات واظلمت الدنيا ظلمة --سوداء غل-ي----ظة حتي كانت من غلظها تحس -بالاجسام ---وبعد ذل--------ك كله نز-ل الموت فجاة علي بكور اولادهم بحيث لم يبق لاحد منهم ولد بكر الا فجع به في تلك الليلة ليكون لهم في ذلك شغل -عن بني اسراءيل	عليهم حتي امتدوا الي اطفالهم ارسل الله موسي رسوله اليهم ليكفوا عن قومه ويتركوهم لعبادته فلما عصوه وعتوا عليه والجوه حتي انزل الله عليهم الجواءح العشر التي ابتلاهم الله بها جعلوا عند ذلك يستعجلونهم بخروج ويرغبون اليهم في ايشاكه باشد اجتهاد من اجتهادهم قبل ذلك في وحبسهم وذلك بعد ان كملت عليهم الجواءح العشر المذكورة في كتاب التوراة جواءح مصر في ايام موسي النبي من ذلك ان صارت مياههم دما حتي هلكوا عطشا-- --وبعد ان كثرت عليهم الضفادع حتي وسخت----- مواضعهم وقذرت عليهم عيشهم وجميع ماكلهم وبعد ان كثر عليهم الباعوض حتي ----الهواء ومنع النسيم وبعد ان كثر عليهم ذبان الكلاب حتي جرح ابدانهم وبغض اليهم عي-شهم وبعد ان نزلت الجاءحة في دوابهم واغنامهم فذهبت فجاة وبعد ان عم الجرب والجدري اجسامهم حتي زاد منظرهم قبحا علي مناظر الجذماء وبعد -نزول -ا-لبرد المخلوط بالصواعق المهلك -ل-من ادركه من الناس وال-دواب والمذهب لجميع الثمار وبعد كثرة الجنادب والجراد- التي اكلت --اشجارهم واستقصت اصول النبات و--بعد ال-----ظلمة السوداء التي عليهم حتي كانت من غلظها تحسها الاجسام فضلا عن الاعين وبعد ذلك نزول الموت فجاة علي بكور اولادهم -حتي لم يبق لاحد منهم ولد بكر الا فجع به في تلك الليلة -فعند ذلك سارعوا الي ترك بني اسراءيل	2153	40	0	5953533461148632395	877999829494979187	500	1103	58.47688293457031	68	0845Maqrizi.Mawaciz.Shamela0011566-ara1.mARkdown	0375AnonymousTranslator.TarikhCalamUrusiyus.MAB020626-ara1.completed
31	251	752	1249	-6636270028460100563	-4029061759496275370	0845Maqrizi.Mawaciz.Shamela0011566-ara1.mARkdown.ms0353	0375AnonymousTranslator.TarikhCalamUrusiyus.MAB020626-ara1.completed.ms143	396	قال --غي-ره ولي-- ا-ر--بعين سنة و-قيل ثمانيا- وثلاثين سنة وقيل ا-ن ا-سمه في--لدلفوس وهو محب الا-ب ---وكا---ن ---مجدونيا -وهو الذي --غنم الي-----هود ون-ق-ل كثيرا -منهم الي -مصر وفي --زما--نه ----كان زينون الفيلسوف وكان -هذا-- ---ا----ل-ملك ---ف----يلسوفا--- --واقبل برد---ي-قا- احد قوا-د ال---اسكندر -ا----لي -مصر ب-عسكر عظي-م-- -----------وجيش عرمرم -------فتفرق سلطان مج------------د----ونية علي قسمين ثم ان بطليموس جمع عساكر مصر وافريقية ولاقي برديقا فهزمه واصاب عسكره ثم قتله واصاب ما كان معه و-------حارب ----عدة --م--ن --قواد الاسكندر وقال -غي--ر-----ه-- -وكا----ن بطليموس ---هذا حكيما عا----لما شا-با مدبرا وهو -اول من اقتني ال--بزا--ة --ولعب بها --وضراها- --وكا-ن من قبله --من- --الم-لو---ك --ل----ا --ي-لعب -بها ولما ----مات ملك الاسكن-درية بعده-- ----------بطليموس ---ا---لثان--ي --واسم--ه فيلو-ذو----فوس و---يقا-ل له -محب الا-خ و-كانت م---دة مل-كه ثمان---يا وثلا--ثين سنة وهو ال-ذي ----ا-طلق- ا---ل--يهو--د ---ال----ذين كان---وا- ما-سور--ين بارض مصر ورد ال--ا-واني- -المقدس-ه علي -عزي-ز --ال-	قبل ان يغلب عليهم احرقوا انفسهم وجميع -ما كان لهم ث-م بعد ذلك ثارت الحرب بين انطغون وبرديقا فكانت بينهما حرب عظيمة وصار ضرها ال-ي مداءن كثيرة بعضها من قبل اجابة اهلها الي العون في تلك الحرب وبعضها من قبل امتناعهم ولانها كانت حربا مهولة لا يعرف ان كانت انما تكون في بلد اشية ام تنتهي الي بلد مجذونية واخر ذلك اقبل برديقا الي مصر بعسكر عظيم وجيش عرمرم واذ ذلك تفرق سلطان مجذونية الي بلد مجذونية علي قسمين ثم ان بطليموس جمع عساكر مصر وافريقية فلاقي برديقا فهزمه واصاب عسكره ثم قتله واصاب ما كان معه واذ ذلك حارب بطليموس هرمثان القاءد علي بلد ليذية حتي جرح بعضهما بعضا فغلب بطليموس وانهزم الي القاءد الذي كان يسمي انطيطر فساله الاتيان الي محاربة هرمثان الا ان هرمثان خرج الي محاربته فكانت بينهما وقيعة قتل فيها فليوكون وبرز فيها بطليموس الي هرمثان فجرح بعضهما بعضا فهلك بطليموس ونجا هرمثان ثم ان هرمثان ونطون والبريوش وانجيطا واخو برديقا اقبلوا الي محاربة المجذونيين فعبا لمحاربتهم رتلغو-ن فلاقي هرمثان وقد احتفل كل واحد في الاستعداد فانهزم اذ ذاك هرمثان ودخل حصنا في تلك الناحية وبعث رسله الي انطيطر يساله	353	143	0	8254716681320080296	-8133605057583734893	283	1002	39.520957946777344	23	0845Maqrizi.Mawaciz.Shamela0011566-ara1.mARkdown	0375AnonymousTranslator.TarikhCalamUrusiyus.MAB020626-ara1.completed
1401	165	1534	342	-6636270028460100563	-4029061759496275370	0845Maqrizi.Mawaciz.Shamela0011566-ara1.mARkdown.ms0327	0375AnonymousTranslator.TarikhCalamUrusiyus.MAB020626-ara1.completed.ms043	110	--ا- -بين غرق ف-رعو-ن --موس----ي -ا--ل-ي ما-ءة وسبع سني---ن --ك-ا----ن ----بمصر --ملك -----يسمي نوشردس -----كان يقتل الغرباء والاضياف ويذبحهم لاوثانه ويجعل دماءهم قربانا لها وا-	وثار عليه بهم فاستولي علي سلطانه واستلبه ماكان بيده وفي بعض ذلك الزمان كان بمصر الملك الذي يسمي نوشردش الذي كان يقتل الغرباء والاضياف ويذبحهم لاوثانه ويجعل دماءهم قربانا لها قال	327	43	0	-4015970782093046933	-4935846497207897048	86	177	62.14689254760742	9	0845Maqrizi.Mawaciz.Shamela0011566-ara1.mARkdown	0375AnonymousTranslator.TarikhCalamUrusiyus.MAB020626-ara1.completed
121	1	360	347	-6636270028460100563	-4029061759496275370	0845Maqrizi.Mawaciz.Shamela0011566-ara1.mARkdown.ms0354	0375AnonymousTranslator.TarikhCalamUrusiyus.MAB020626-ara1.completed.ms199	175	التي كانت بنت اخته ثم زوجها من ابنه المولود--- من اخته وكثرت فواحشه حتي نفاه اهل الاسكندرية فمات منفيا و---ولي ----ا--خوه بطلي-------مو-س ال---ا-سكن--د---ر وهو الجوا---ل-- عشر- -سنين --ثم -----ولي بعده ------ا--بن------ه بطليموس -ديوشيش ثمان---يا-- -وثلاثي------ن --سنة و--------في --زم--ا--ن-ه --غلب -قا--ءد -----الروماني---ين عل----ي بيت ال-م--	التي كانت بنت اخته ثم زوجها من ابنه المولود له من اخته وكثرت فواحشه حتي نفاه اهل الاسكندرية فمات منفيا وفي ذلك الزمان كان انسيوق احد قواد الرومانيين قد غلب علي العراق كلها وارض بابيل وارض فارس ولم يكفه ذلك مما كان احتواه حتي مضي الي بلد الهند وقاتل اول امير بلدان الهند واسمه براغه فهزمه الهندي وقتله وكان في عسكر الروماني ماءة الف وفي ذلك الزمان	354	199	0	391720842297909304	8479111142845149922	132	346	50.578033447265625	18	0845Maqrizi.Mawaciz.Shamela0011566-ara1.mARkdown	0375AnonymousTranslator.TarikhCalamUrusiyus.MAB020626-ara1.completed
760	1	1415	1035	-6636270028460100563	-4029061759496275370	0845Maqrizi.Mawaciz.Shamela0011566-ara1.mARkdown.ms0353	0375AnonymousTranslator.TarikhCalamUrusiyus.MAB020626-ara1.completed.ms169	358	ال-----ذي تخير ال--سبعي-ن --مترجما من علما--------ء اليهود الذين -ترجموا كتب التورا-ة وا-لانبياء من اللسان -العبر-ان--ي- ----ال-ي اللسا-ن الروم---ي الي-ونا-ني --وا-للاطيني وكان فيلسوفا---- -م-نج-ما -و-ما-ت --فولي --------بعد-ه ابنه بطليموس اوراخيط-س -المعروف ب--م-حب ال-ا-ب ستا وعشرين سنة ---ثم ولي بع-------ده ا--خوه بطليموس --فيلوبط--و-ر سبع عش---------------------------------------ر----------------ة-------------- سنة وهو الذي قتل من اليهود نحوا من ستين الفا وتغلب عليهم و-ي--قا-ل انه --صا--حب- ----علم -ا--لفلك وا--لن-جوم وكتاب -ال-مجسطي-- -ثم ملك -------بعد-----ه -ابنه ----بطلي----م----و---س اسفامي----ش محب- ا---ل----ام -ار----بعا------ -وعشر----ين -س----نة ---ثم و--لي -بعده ا-بنه بطل-يموس ف-------ل--ون---اطر--------ة -وه--و--- ا-لصا-نع -خمسا -وثلاثين ---سنة --وهو- الذي --غلب ملك الشام- --وحمل ا--ليه--و-د -ا--نوا--ع- ال---بل---ا---ء --وا-لع-ذ--اب -ثم- ----م---لك ا--ل--اس--كندرية -----ب-عده- ---ابنه بطلي---موس ابر-يا-طيش و----هو ال----اسكندراني- -تسعا وع----شر------ين-- سنة -وفي زمان-----ه-- -----غلب- الرومانيون علي ا---ل--ا-ن	الرومانيين جنس الاشطوريين وهم ايضا من الغاللين فخرج اليهم قاءدان للروم-انيين يسمي احدهما قرناليش بن كلوذيه والاخر منوجيو بن فالخش فهزماهم بعد معركة عظيمة اهرق فيها كثير من دماء -الرومانيين ثم رجع القول الي من ولي ملك الاسكندرية بعد بطليموس ابر--يطوش وهو اخوه بطلميوس فلباطر سبع -عشر-ة سنة الباب الرابع من الجزء الرابع بطليموس بن فلباطر ولي سبع عشرة سنة فصارت سنو الدنيا الي اخر زمانه اربعة الاف وتسعماءة وخمسا وثمانين سنة وهو الذي قتل من اليهود نحوا من ستين الفا وتغلب عليهم وفي زمانه غلب مرجالش بن شفرونيه قاءد الرومانيين علي صقلية قال هروشيوش وفي ذلك الزمان بعد بنيان مدينة رومة الي خمسماءة واربع وثلاثين سنة اقبل انيبل بن املقار امير افريقية فحاصر بالاندلس مدينة شغنسة وكانت عظيمة الشان بالاندلس في ذلك الزمان فحاصرها ثمانية اشهر وكان اهلها في عهد الرومانيين وعقدهم فصبروا عل-ي عهدهم حتي نفد ما عندهم فافتتحها وهدمها فلما بعث اليه الرومانيون رسلا يعاذلونه فيما فعل من نقض الصلح استهان بهم واحتجب عنهم ثم استهتر في عداوة الرومانيين وكان قد حلف في حياة ابيه املقار عند محراب اوثانهم الا يبقي من نفسه جهدا في محاربة الرومانيين وهو اذ ذلك ابن	353	169	0	8254716681320080296	6498046412623126416	261	1041	34.390010833740234	17	0845Maqrizi.Mawaciz.Shamela0011566-ara1.mARkdown	0375AnonymousTranslator.TarikhCalamUrusiyus.MAB020626-ara1.completed
25	494	558	1232	-6636270028460100563	-4029061759496275370	0845Maqrizi.Mawaciz.Shamela0011566-ara1.mARkdown.ms0354	0375AnonymousTranslator.TarikhCalamUrusiyus.MAB020626-ara1.completed.ms211	282	سنة وكان قبيح ال----سيرة ت--زوج باخته ثم فارقها علي اقبح حال ------------مما -تزوجها --عليه- -في خبر -له- -----ثم ------تزوج ربيبته التي --ك---ا--ن---ت بنت ---اخته ثم زوجها -من ابنه -الم-ولود --من اخته و--كثرت --فوا-حشه ---حتي -نفا---ه ---اهل -ال--اس-كندرية فمات منفيا وول--ي اخوه بطليموس-- ال-----ا-سكندر ---وه----و ال--جو-ا-ل ---عشر ---سنين -ثم ولي -بعده ابنه بط----ل-ي-موس --ديوشيش ثمانيا و-ثل----اثين سنة و---في ------زما---نه غلب -------قاءد الرومانيين علي بيت المقدس وجعل اليهود يءدون اليه الجزية --وظهر---ت -في ----ذلك الزمان -ع--لامات -في-- ----الس-ماء مهولة --منها انه ظهر في السماء بنا---حية مطلع--- ا----لش-مس م--ن --مدي----------نة -ر-و---مة م--ما يلي ناحية الجنوب نار م--ل---تهبة --عظي----مة ---وكسر قوم خبزا- -في- ---صنع -لهم فان	سنة -كان -بين الرومانيين تحازب شديد وحروب سموها الجوانية قال هروشيوش لا يمكن حكايتها لكثرتها لكن نصف منها نكتا ثم يرجع القول الي من ول-ي ملك الاسكندرية بعد بطلميوس الاسكندر وهو ابنه بطلميوس ديوشيش ثمان وثلاثين سنة الباب السادس من الجزء الخامس بطليموس ديوشيش ولي ثمانيا وثلاثين سنة فصارت سنو الدنيا الي اخر زمانه خمسة الاف وماءة وثلاثا وثلاثين سنة وفي زمانه كان قاطون الفيلسوف وفرفيليش الشاعر وابلدرش الفيلسوف وججرون الشاعر واذ ذلك غلب بمبايش قاءد الرومانيين علي بيت المقدس وجعل اليهود يءدون اليه الجزية قال هروشيش وفي بعض ذلك الزمان بعد بنيان مدينة رومة بستماءة وتسع وخمسين سنة اذ كان القواد بها يوليش بن عايش انتونيش بن مركه ولوجيش وفلبش ابنا تركواط بن مخشمه كان صاح-ب الخراج -برومة لانيش بن حجيليه ولما لم يقدر علي اغلاق جميع الخراج عنهم كان	354	211	0	391720842297909304	2465278733652336751	194	743	37.95423889160156	13	0845Maqrizi.Mawaciz.Shamela0011566-ara1.mARkdown	0375AnonymousTranslator.TarikhCalamUrusiyus.MAB020626-ara1.completed
312	804	1040	1606	-6636270028460100563	-4029061759496275370	0845Maqrizi.Mawaciz.Shamela0011566-ara1.mARkdown.ms0346	0375AnonymousTranslator.TarikhCalamUrusiyus.MAB020626-ara1.completed.ms133	703	وله في بنيانها اخبار طويلة وسياسات كرهنا تطويل كتابنا بها ثم ان دارا لما يءس من مصالحته اقبل في اربعماءة الف راجل وماءة الف فارس فتلقي الاسكندر مقبلا من ناحية مصر في اعمال مدينة طرسوس فكانت بينهما معركة عجيبة شنيعة اجتهادا من الروم علي ما ---كانوا خبروه واعتادوا من الغلبة والظفر واجتهادا من الفرس بالتوطين علي الهلاك وتفضيل الموت علي الرق والعبودية فقل-ما يحكي عن معركة كان القتل فيها اكثر منه في تلك المعركة فلما نظر دارا الي اصحابه يتغلب عليهم ويهزمون عزم علي استعجال الموت في تلك الحرب بالمباشرة لها بنفسه والصبر حتي يقتل معترضا للقتل فلطف به بعض قواده حتي س-لوه فانهزم ----------و-----ذهبت قوة الفرس وعزهم و-ذ-ل بعدها سلطانهم وصار بلد المشرق كله في طاعة ال--رو---م و-----ا-----------نقطع- -------------م----------ل-----ك -----الف--------رس مدة اربعماءة عام وخمسين عاما واشتغل الاسكندر بتحصيل ما اصاب في عسكر	وله في بنيانها اخبار طويلة وسياسات كرهنا تطويل كتابنا بها ثم ان داري لما يءس من مصالحته اقبل في اربعماءة الف راجل وماءة الف فارس فتلقي الاسكندر مقبلا من ناحية مصر في -جوار مدينة طرسوس فكانت بينهما معركة عجيبة شنيعة اجتهادا من الروم علي ما قد كانوا -ضروه واعتادوه من الغلبة والظفر واجتهادا من الفرس بالتوطين علي الهلاك وتفضيل الموت علي الرق والعب-دية فقل ما يحكي عن معركة كان القتل فيها اكثر منه في تلك المعركة فلما نظر داري الي اصحابه يتغلب عليهم ويهزمون عزم علي استعجال الموت في تلك الحرب بالمباشرة لها -نفسه والصبر حتي يقتل معترضا للقتل فلطف به بعض قواده حتي سللوه فانهزم ففي تلك الوقيعة ذهبت قوة الفرس وعزهم وتذلل بعدها سلطانهم وصار بلد المشرق كله في طاعة المجذونيين واذلت الفرس تلك الوقيعة اذلالا لم يروموا بعدها الامتناع والمخالفة وانقطعوا مدة اربعماءة عام وخمسين عاما واشتغل الاسكندر------- ما اصاب في عسكر	346	133	0	503151924999126233	-9018933728813023257	571	813	86.46986389160156	116	0845Maqrizi.Mawaciz.Shamela0011566-ara1.mARkdown	0375AnonymousTranslator.TarikhCalamUrusiyus.MAB020626-ara1.completed
73	24	594	726	-6636270028460100563	-4029061759496275370	0845Maqrizi.Mawaciz.Shamela0011566-ara1.mARkdown.ms0120	0375AnonymousTranslator.TarikhCalamUrusiyus.MAB020626-ara1.completed.ms024	342	فيما يجاوز ال-جبل- -ثم يغيب في الرم-ال- ثم -ي-خرج --غير بع--يد فيصير -له محبس عظي----م ثم-- -يس----اي----ر ال--ب---حر- ال--محي-ط علي قفار ال--حب-شة ثم يميل -علي الي-سار الي -----ار--ض -م--صر -فيحق -ما ي---ظن بهذا-- -----ال-نهر ا-نه --ع-ظيم ا-ذ- ------كا----ن مجرا-----ه علي -م-ا- --حكين--ا--ه ---قال ون----هر -النيل -وه-و الذي --يسم-ي --بلون مخرجه خفي- ولكن --ظا--هر ا--------قب---ا-----له ---من ارض --ا--لحبشة --ويصير -له هناك محبس -عظيم- مجراه الي--ه ماءتا --ميل --وذك-ر مخر------جه حتي -ين-تهي-- ---ا-ل-----ي-- --ا-ل-بح---------ر قال وكثيرا ما يوجد في نهر النيل التماسيح واقبال النيل من ارض الحبشة ليس يختلف فيه احد وعدة امياله من مخرجه المعروف الي موقفه ماءة الف وتسعون الفا وتسعماءة وثلاثون ميلا و-ما	في اركانيه الي بلد علي كور كثيرة اميالا ثمانيماءة وخمسة وعشرين ويبلغ بلد اذرع كثيرة ثم يمضي فيسقي جميع بلد العرب ويجري علي مدينة قايون اميالا سبعين ثم ينصب منها الي مصر الي كورة طربيو لم علي اميال ثمانين ومن -هنالك يسقي الموضع الذي يدعي برتامذش وتفسيرها يوسف ونواحي مصر علي اميال ماءتين واثني عشر ثم ينقسم في ثمانية انهار تسقي ارض مصر ويبل-غ الاسكندرية ويصب في البحر المتوسط للبحر اذرياطقه وبعضه حيث يقال للبحر قرناشيه وله ذراع خارج منه من مصر -والي تخوم بلد لوبيا حيث كان محراب الوثن فما بين مدينة بنطابلم ومدينة طرابلي حيث صنم افريقية وكثيرا ما يوجد في نهر النيل التماسيح واقبال النيل من ارض الحبشة ليس يختلف فيه احد وعدة امياله من مخرجه المعروف الي موقعه ماءة الف وتسعين الفا وتسعماءة وثلاثون ميلا واما	120	24	0	-4785155882999303527	476831828095787832	251	705	48.51063919067383	32	0845Maqrizi.Mawaciz.Shamela0011566-ara1.mARkdown	0375AnonymousTranslator.TarikhCalamUrusiyus.MAB020626-ara1.completed
770	1	968	214	-6636270028460100563	-4029061759496275370	0845Maqrizi.Mawaciz.Shamela0011566-ara1.mARkdown.ms0353	0375AnonymousTranslator.TarikhCalamUrusiyus.MAB020626-ara1.completed.ms148	163	السبعين مترجما من علماء اليهود الذين ترجموا كتب التوراة والانبياء من اللسان العبراني الي اللسان الرومي اليوناني واللاطيني وكان فيلسوفا منجما و----ما-ت فولي بعده ا-بن-ه بطليموس- اوراخيطس ال---معروف بمحب ال--اب -ست--	السبعين مترجما من علماء اليهود الذين ترجموا كتب التوراة والانبياء من اللسان العبراني الي اللسان الرومي اليوناني والل-طيني وكان فيلسوفا منجما وفي زمانه كان اراطش المنجم الذي نسب اليه علم التنجيم وفي ذلك الزمان ابتدء	353	148	0	8254716681320080296	8766605501415737855	135	214	76.16822052001953	20	0845Maqrizi.Mawaciz.Shamela0011566-ara1.mARkdown	0375AnonymousTranslator.TarikhCalamUrusiyus.MAB020626-ara1.completed
481	1336	770	1690	-6636270028460100563	-4029061759496275370	0845Maqrizi.Mawaciz.Shamela0011566-ara1.mARkdown.ms0353	0375AnonymousTranslator.TarikhCalamUrusiyus.MAB020626-ara1.completed.ms147	188	--را-- -وه-و ا--ول من اقتني البزاة ولعب بها- -----وضر-اها و----كان م--ن- ق-------ب--له من --الم-لوك -لا يلعب -بها- ولما- -ما-ت ملك ال-اسكندر-ية ب---عده -بطل-ي-موس الثاني- و--ا----سمه ف---يلوذوفوس وي-قال- -له -م-حب ا-لاخ وكا---نت مدة ملكه ثمان-يا وثلاثين سنة وهو الذي اطلق اليهود الذين كانوا ماسورين بارض مصر ورد الاواني المقدسه علي عزيز النبي وهو الذي تخير	الرابع فيه الاخبار من وقت-- انقضاء حروب قواد الاسكندر الي وقت خراب مدينة قرطاجنة بافريقية وهو مقسوم علي عشرة ابواب الباب الاول م-ن الجزء الرابع بطليموس فلذلفيش ولي ثمانيا وثلاثين سنة فصارت سنو الدنيا الي اخر زمانه اربعة الاف سنة وتسعماءة واثنتين واربعين سنة وهو الذي اطلق اليهود الذين كانوا ماسورين بارض مصر ورد الاواني المقدسة علي عزير النبي وهو الذي تخير	353	147	0	8254716681320080296	-9124812522696741065	139	357	52.66106414794922	18	0845Maqrizi.Mawaciz.Shamela0011566-ara1.mARkdown	0375AnonymousTranslator.TarikhCalamUrusiyus.MAB020626-ara1.completed
971	742	1549	1454	-6636270028460100563	-4029061759496275370	0845Maqrizi.Mawaciz.Shamela0011566-ara1.mARkdown.ms0352	0375AnonymousTranslator.TarikhCalamUrusiyus.MAB020626-ara1.completed.ms142	353	-ل- ال-اسد ال--ذي ا--لقي -صيده ب-ين يدي اشباله فتقا--تل-ت عليه -تل-ك ال--ا-شبال -ب-عد---ه و-ذلك -انهم اقتس-موا البلاد فصا-ر----ت مصر --وا---فريقية كل---ه---ا -وبلاد ال----غرب -الي قاءده وصاحب خيل-ه ال---ذي ولي مكانه -وهو --بطليموس ب-----ن- -ل---ا-وي- و---يقال بط-لي-مو---س ---بن-- ا---رنبا-- ال--م-نط---قي وذكر- بقية ----ممالك القواد ----من -اقصي- ------بلاد الهند الي -اخر ---بلاد ا---لمغر--ب--- ----ثم-- ------ق-----------ا--ل--- فثارت بينهم----- حروب وسببها رسالة كانت خرجت من عند الاسكندر بان يرجع جميع الغرباء المنفيين الي بلادهم ويسقط عنهم الرق والعبودية فاستثقل ذلك ملك بلاد الروم اذ خاف ان يكون الغرباء والمنفيون اذا رجعوا الي بلدانهم ومواطنهم يطلبون النقمة لانفسهم فكان هذا الامر سبب خروجهم عن طاعة سلطان المجدونيين وقال --	الي القاءد المسمي اجشارس وصارت بلاد الاركوبيين وبلاد الجدرشيين وبلاد الدراكسيين وبلاد الاروشيين وبلاد الاسطعلاش وبلاد الازريانيش الي القاءد المسمي الميطه وصارت بلاد الشقندناس وبلاد الاطغونيين وبلاد الاباطس الي -قاءد يدعي فلب وصارت بلاد جنس الاركانيين وبلاد العرطفرين وبلاد ارمانية الي القاءد المسمي طلماءش وصارت بلاد الفرس الي القاءد المسمي نوخشيم وصارت بلاد بابيل الي قاءد يسمي ازجاءش وصارت بلاد مشبطامية الي القاءد المسمي ارجلاءش فثارت بينهم بعده حروب وسببها رسالة كانت خرجت من عند الاسكندر بان يرجع جميع الغرباء المنفيين الي بلاد الرق والعبدية فاستثقل ذلك ملك بلد الروم الغريقيين اذ خافوا -------------------والمنفيون اذا رجعوا الي بلدانهم ومداءنهم يطلبون النقمة لانفسهم فكان هذا الامر سبب خروجهم عن طاعة سلطان المجذونيين واول من	352	142	0	2020734028698976767	-2950120007246930101	273	732	48.22404479980469	32	0845Maqrizi.Mawaciz.Shamela0011566-ara1.mARkdown	0375AnonymousTranslator.TarikhCalamUrusiyus.MAB020626-ara1.completed
1486	302	1622	449	-6636270028460100563	-4029061759496275370	0845Maqrizi.Mawaciz.Shamela0011566-ara1.mARkdown.ms0353	0375AnonymousTranslator.TarikhCalamUrusiyus.MAB020626-ara1.completed.ms187	122	وحولت--- اساساتها حتي صار رخام اسوارها غبارا وذلك الي تسعماءة سنة من وقت بنيانها وبيع جميع اهلها رقيقا الا قليلا من خيارهم وا-----شر--اف---هم -وكا--ن ال-	وحولت من اساساتها حتي صار رخام اسواره------ا وذلك الي سبعماءة سنة من وقت بنيانها وبيع جميع اهلها رقيقا الا قليلا من خيارهم وانقضت حرب افريقية الثالثة الي	353	187	0	8254716681320080296	1684710668981933108	99	153	79.73856353759766	18	0845Maqrizi.Mawaciz.Shamela0011566-ara1.mARkdown	0375AnonymousTranslator.TarikhCalamUrusiyus.MAB020626-ara1.completed
442	616	1254	1626	-6636270028460100563	-4029061759496275370	0845Maqrizi.Mawaciz.Shamela0011566-ara1.mARkdown.ms0352	0375AnonymousTranslator.TarikhCalamUrusiyus.MAB020626-ara1.completed.ms141	557	مر -ك--افر --في -هذا اشكا-ل-- وقال الجا-حظ في كتاب الحيوان ان ----ذ--ا ال-قرنين كانت امه ادمي-ة و--ا-بوه من الملاءكة --ولذلك لما-- -سمع عمر بن-- -الخطاب -رضي -ا----لله- -عنه رجلا ينادي-- رجلا يا -ذا----- ال---قرن---ين ق-ال --ا---فرغتم -من ا-سماء ال-انبياء ف-ارتفعتم ال--ي -اسماء --ا-لملاءكة وروي ال-م--ختار ابن ا----بي-- عبي---د ان -عل--يا ---رضي ا-لله ع-نه كان اذا ذكر ---ذا --القرنين قال ذلك ال-ملك ---ا-لا-مر-ط -----والله ا-علم -ذكر -من ولي ال-----ملك ب----ا-ل---ا-سكند---ري-----ة ---بع-د ا--لا-سكندر --قا---ل -في -كتا---ب --هروشيو--ش ان الاسكندر ملك الدنيا اثنتي عشرة سنة فكانت الدنيا ماسورة بين يديه طول ولايته فلما مات تركها بين يدي قواده المستخلفين تحته فكان مثله معهم كمثل الاسد الذي القي صيده بين يدي اشباله فتقاتلت عليه تلك الاشبال بعده وذلك انهم اقتسموا البلاد فصارت مصر وافريقية كلها وبلاد الغرب الي قاءده وصاحب خيله الذي ولي مكانه وهو بطليموس بن لاوي و--يقال- بطلي----م--و-----س --ب-ن ا---رنبا-- ال--م---نطقي وذكر ب----قية ممالك -القواد-- م---ن اقصي بلاد ا-ل-هند الي --اخر ب--------لا--د المغرب -ثم قا--	ما نكب الرومانيون مع الغاللين مرا-را وان الذي لقيه الرومانيون يومءذ من الغاللين لاعظم من الذي لقوه اليوم من القوط ثم رجع القول الي قواد الاسكندر والحروب التي كانت بينهم بعده قال- هروشيوش وانا واصف الحروب التي كانت بين قواد الاسكندر في هذه السنين التي وصفت فيها حروب الروم واجدني اذا رمت وصف -ذلك الزمان كانسا-ن اشرف ليلا علي فحص قد نزل فيه عسكر فلا تقع عينه الا علي نار متقدة وكذلك كانت في ذلك الزمان نيران الحروب متقدة الدنيا ولا يمكن وصف تلك الحروب الا بوصف اولءك القواد الذين ووصف مواضعهم ان شاء الله الباب التاسع من الجزء الثالث وذلك ان الاسكندر ملك الدنيا اثنتي عشرة سنة فكانت الدنيا ماسورة بين يديه طول ولايته فلما مات تركها بين يدي قواده المستخلفين تحته فكان مثله معهم كمثل الاسد الذي القي صيده بين يدي اشباله فتقاتلت عليه تلك الاشبال بعده وذلك انهم اقتسموا البلاد فصارت مصر وافريقية كلها وبل-د العرب الي قاءده وصاحب خيله الذي ولي مكانه وهو بطليموس بن لاوي وصار بلد سورية المجاور لهذا البلد الي القاءد المسمي لزمدم وصار بلد جليجية الي قاءد يدعي مطلان وصار بل-د الليرقو الي لبولط بن وصارت ماذية الكبري الي قاءد	352	141	0	2020734028698976767	8657686330639989356	421	1016	54.82283401489258	60	0845Maqrizi.Mawaciz.Shamela0011566-ara1.mARkdown	0375AnonymousTranslator.TarikhCalamUrusiyus.MAB020626-ara1.completed
855	220	1595	1138	-6636270028460100563	-4029061759496275370	0845Maqrizi.Mawaciz.Shamela0011566-ara1.mARkdown.ms0019	0375AnonymousTranslator.TarikhCalamUrusiyus.MAB020626-ara1.completed.ms018	272	احة عرض الارض في النصف وهو مقدار الطول كان المعمور من الشمال قدر نصف سدس الارض واما الطول فانه يقل لتضايق اقسام كرة الارض ومقداره مثل خمس الدور وهو بالتقريب اربعة الاف وثمانون ميلا وفي الربع المسكون من الارض سبعة ابحر كبار وفي كل بحر منها عدة جزاءر وفيه خمسة عشر بحيرة منها ملح وعذب وفيه ماءتا جبل طوال وماءتا نهر واربعون نهرا طوالا ويشتمل علي سبعة اقاليم تحتوي علي سبعة عشر الف مدينة كبيرة وقال في كتاب هروشيوس لما استقامت طاعة بوليس الملقب --------------------------------------------------------------------------------------------------------------------------------------------------------------قيصر الملك في عامة الدنيا تخير ------اربعة ----من الفلاسفة ---سماهم فامرهم ان ياخذوا له وصف خدود الدنيا وعدة بحارها وكورها ارباعا فولي --احدهم اخذ وصف جزء المشرق وولي --اخر اخذ وصف جزء المغرب وولي -الثالث اخذ وصف جزء الشمال وولي -ال-رابع اخذ وصف جزء الجنوب فتمت كتابة الجميع علي ايديهم في نحو من ثلاثين سنة فكانت جملة --	دانية فان قبلتها بلد النوبة وجوفها كرسقة وطولها ماءة وثلاثون ميلا وعرضها ماءة وعشرون ميلا يقابلها في الشرق مرسي مدينة رومة وفي الغرب بحر سردانية وما بين الغرب والجوف جزيرتا ميرقة ومنرقة في البعد منها واما جزيرة كرسقة فانها تقابل مرسي مدينة رومة وقبلتها سردانية وغربها ميرقة ومنرقة تقابل مدينة طرقونة وجزيرة منورقة تقابل مرسي مدينة برجلونه وتحت ميرقة جزيرة يابسة شرقها جزيرة سردانية جوفها البحر العالي وقبلتها بحر البربر وغربها بحر الاندلس هذه جميع الجزاءر التي في البحر المتوسط من مخرجه الي منتهاه ما عدا الجزاءر الصغار التي لا ذكر لها ولا بال الباب الرابع من الجزء الاول علي ما وجدت في دواوين يوليش قيصر الملك في عامة الدنيا تخير وهم نقوذخشه وديذمه وطوذقتور وبلقريطه فامرهم ان ياخذوا له وصف حدود الدنيا وعدة بحارها وكورها ارباعا فولي نقوذخشه اخذ وصف جزء المشرق وولي ديذمه اخذ وصف جزء المغرب وولي طوذقتور اخذ وصف جزء ال-جوف وولي بولقريطه اخذ وصف جزء القبلة فتمت كت-بة الجميع علي ايديهم في نحو من ثلاثين سنة فكانت جملة ما	19	18	0	-587105226034820024	-3439076216705412922	203	920	29.565217971801758	44	0845Maqrizi.Mawaciz.Shamela0011566-ara1.mARkdown	0375AnonymousTranslator.TarikhCalamUrusiyus.MAB020626-ara1.completed
277	270	725	869	-6636270028460100563	-4029061759496275370	0845Maqrizi.Mawaciz.Shamela0011566-ara1.mARkdown.ms0120	0375AnonymousTranslator.TarikhCalamUrusiyus.MAB020626-ara1.completed.ms023	267	نهر النيل وهو الذي يسمي بلون مخرجه خفي ولكن ظاهر اقباله من ارض الحبشة ويصير له هناك محبس عظيم مجراه اليه ماءتا ميل وذكر مخرج--ه حتي -ينتهي ال-ي البحر قال وكثيرا ما يوجد -في نهر ال-نيل ا-لتماسيح و--ا-قبال ا-لن--يل- ----م-ن --ارض الحبشة لي-س ي--ختلف -في-ه -احد و--عدة -امياله -من --------مخرجه ال---م------عروف الي-- م-وقفه ماءة -ال-----ف -وت--سعون ----ال-فا وتسعماءة وثلاثون -ميل-ا وم----اء ا--لني----ل -عك-ر مرمل ---عذب وفي -------ان--تهي --والنيل--- -اذا وصل--- ---الي- ---ا-لجنادل- ------كا-ن عند ---انته-اء -مرا---كب -ا-لنو--بة انحدار ---ا-و-- مر-ا-كب ال-صعيد ------ا--قل--ا------ع-ا وهنا-ك -حجارة مضر	نهر النيل وهو الذي يسمي ياءن مخرجه خفي ولكن ظاهر اقباله من ارض الحبشة ويصير له هناك محبس عظيم مجراه اليه ماءتا ميل --ثم يخرج من ذلك الموضع الذي -يدعي قطرطقش وعدة امياله الي ذلك الموضع اربعما-ءة وثلاثة وثمانون ميلا ثم يمضي فيسقي الذي يدعي بنياء علي اميال ماءة وثلاثة وثمانين ومن جبل بنياء الي الذي منه ينبعث فيجريان معا في واحد والوانهما مختلفة ثم يصير لهما -استدارة يصير في داخلها جميع بلد اركانيه ومن ذلك الموضع يمضيان الي بلد قرمانية في اميال ثلاثة ماءة وثلاثة وثمانين ميلا ومن ذلك الموضع الي بلد اركانيه في اميال ستة ماءة وخمسة وعشرين ميلا ومن قرمانية الي بلد مارطو اميال ماءة وسبعون وهنالك يتباعد نهر	120	23	0	-4785155882999303527	-6842630205927284690	191	604	44.205299377441406	22	0845Maqrizi.Mawaciz.Shamela0011566-ara1.mARkdown	0375AnonymousTranslator.TarikhCalamUrusiyus.MAB020626-ara1.completed
76	121	742	1032	-6636270028460100563	-4029061759496275370	0845Maqrizi.Mawaciz.Shamela0011566-ara1.mARkdown.ms0028	0375AnonymousTranslator.TarikhCalamUrusiyus.MAB020626-ara1.completed.ms012	377	ا--ثون -بريدا وكسر وقال- -ا---بن- ------خرداذبه -ارض الحبشة وال------س-و---دان مسير--ة -سبع سن----ين -------وا---رض مصر جزءا و-احد ----من ------ستين- جزءا --من ارض ال-سود-ا--ن وارض -السودان --جزء ----واحد م-ن الارض كلها وفي- --كتا-ب --هردوشي---ش بلد مصر الادن---ي -شرقه فلسطين-- -وغربه ارض ليبية وارض مصر ال------ا---علي تمتد الي ناحية الشرق وحده في الشمال خليج الغرب وفي الجنوب البحر المحيط وفي الغر---ب------- مصر الادني وفي الشرق بحر القلزم وفيه من الاجناس ثمانية وعشرون جنسا ذكر -حدود مصر -وجهاتها اعلم ان التحدي--د هو -صف-ة ال-م-----حدو-د -علي --ما -هو عل---يه و-الحد ----ه----و --نهاية ا--لشء وال--حدود ---تكثر ----و-تقل ب---حسب-- المحدود و-الجهات ا--ل---تي- تحد ----بها -المسا-كن والب---قاع ا-ربع --جهات -وهي ---جهة ال-----شما------ل ال--تي -ه---ي-- ---اشارة الي موضع قطب- ---ا----لفلك ال--شمال---ي ---ا-لمعرو-ف من- -----ك---واكبه ال--جدي- و--الفرقدان ويقا----بل جهة ال----شمال- ا--لجهة ال----جنوبي--ة وال-	اذ كان اطراده ومجراه علي ما حكينا واذ تتولد فيه جميع المسوخ والبربر يسمون هذا النهر في قربه من العين الذي منها يطرد نهر دارا وساءر السكان عليه يسمونه تابل ولكنه في البلاد التي تسمي بالقبطية ليبيه يصير الي محبس عظيم فل-ا يفيض عنه الا ان كان يتسرب علي مجري باطن حتي ينبعث في النهر الهابط من المشرق واما مصر الاقصي فانه بلد ممتد الي ناحية الشرق وحده في ال-جوف خليج العرب وفي القبلة البحر المحيط وفي الغرب مبتداه من مصر الادني وفي الشرق بحر القلزم وفيه من الاجناس ثمانية وعشرون جنسا فقد وصفنا نصف قسم اشية الجنوبي القبلي وسنصف نصفها الشمالي الجوفي وذلك ان الجبل المسمي قوقاشوا مخرجه فيما بين جنس البلشين الساكنين علي بحر قشبيو وهو بين البحر المتوسط وبين جنس الفلكونيين الي يتوسطها ويشقها وفيما بين هذا الجبل المسمي طورو والجبل الذي بارمانية وهو الجودي وهو فيشق فيما بين جبل طوره وجبل قوقاشو ولهذا الجبل المسمي قوقاشو ابواب جنس الفلنكيين وجنس الشيسيين وهنالك يدعي قوقاشو ومن تلك الابواب الي ارمينية بلد يعرف بيلاس والي	28	12	0	9117253344283172511	-3670601111142081990	267	913	41.292442321777344	23	0845Maqrizi.Mawaciz.Shamela0011566-ara1.mARkdown	0375AnonymousTranslator.TarikhCalamUrusiyus.MAB020626-ara1.completed
8	291	905	1317	-6636270028460100563	-4029061759496275370	0845Maqrizi.Mawaciz.Shamela0011566-ara1.mARkdown.ms0328	0375AnonymousTranslator.TarikhCalamUrusiyus.MAB020626-ara1.completed.ms051	828	م-اءة -و-------ثما-ن و-عشرين سنة كان بمصر ملك يسمي بر-وبة وكان عظيم المملكة قوي السلطان اخذ بالحرب اكثر نواحي ا---لجنو----ب برا وبحرا وهو اول من حارب ال------رو-م الذين قيل لهم بعد ذلك الغوط---------------- وكان------ قد ارسل اليهم يدعوهم الي طاعته ويخوفهم حربه فاجا-بوه ليس من الراي المحمود للملك الغني محاربة --قوم --فقراء لكثرة نوازل الحروب واختلاف حوادثها بالظفر والهلاك و-ا-نا --------لا- ------ن-------نتظر مجيءك بل نسرع لغارتك واتبعوا قولهم عملا و------خرج فرعون --ا----------ل-يهم فخرجو--ا--- مسرعين -ا--ليه --وهزم-وا جي-وشه---- و-ن-هبوا عساكره -----و--امواله وعدده وجميع ذخاءره --ومضو---ا---- ----فنهبوا ارض مصر حتي كادوا يغلبون علي----ها لولا --و-حو-ل- عرضت لهم منعتهم مما خلفها ثم انصرفوا الي بلاد الشام بحروب متصلة حتي ا-ذلوا اهلها وجعلوهم يءدون اليهم المغارم واقاموا محاربين لمن خالفهم في غزوتهم---- خمس عشرة سنة ولم ينصرفوا الي بلادهم حتي اتتهم من نساءهم من يقلن لهم اما ان تنصرفوا واما ان تتخذ-- الازواج ونطلب النسل من عند المجاورين لنا فعند ذلك انصرفوا الي بلادهم وقد امتلات ايديهم اموالا واوقارا جمة وقد خلفوا وراءهم ذكرا مفزعا و-ي	مدينة رومة باربعماءة وثلاثين سنة كان بمصر ملك يسمي بر ويه وكان عظيم المملكة قوي السلطان اخذ بالحرب اكثر نواحي القبلة والشرق برا وبحرا وهو اول من حارب الشيسيين وهم الذين قيل لهم بعد ذلك القوط بعد نين بن بالي وكان برويه قد ارسل اليهم يدعوهم الي طاعته ويخوفهم حربه ف-جاوبوه ليس من الراي المحمود للملك الغني محاربة القوم الفقراء لكثرة نوازل الحر-ب واختلاف حوادثها بالظفر والهلاك وقالوا له بعد كلام كثير انا ل ا ننتظر مجيءك بل نسرع لغارتك فاتبعوا قولهم عملا ولما غزاهم فرعون هذا وقرب من بلادهم -خرجوا اليه مسرعين واقبلوا نحوه مستبسلين فهزموا وانتهبوا عساكره واصابوا امواله وعدده وجميع ذخاءره ثم مضوا غالبين حتي انتهوا ارض مصر حتي كادوا يغلبون علي ارضها لولا مروج وحلة عرضت لهم منعتهم مما خلفها ثم انصرفوا علي بل-د ا-شية بحروب متصلة حتي ازالوا اهلها وجعلوهم يءدون اليهم المغارم واقاموا محاربين لمن خ-لفهم في غزوتهم تلك خمس عشرة سنة ولم ينصرفوا الي بلادهم حتي نساءهم ------------يقلن لهم اما ان تنصرفوا واما ان نتخذوا الازواج ونطلب النسل--- عند المجاورين لنا فعند ذلك انصرفوا الي بلادهم وقد امتلات ايديهم اموالا واوفارا جمة -قد خلفوا وراءهم ذكرا مفزعا وفي	328	51	0	-8450605456877046275	-9137263299194473456	674	1048	79.00763702392578	118	0845Maqrizi.Mawaciz.Shamela0011566-ara1.mARkdown	0375AnonymousTranslator.TarikhCalamUrusiyus.MAB020626-ara1.completed
591	1143	946	1629	-6636270028460100563	-4029061759496275370	0845Maqrizi.Mawaciz.Shamela0011566-ara1.mARkdown.ms0344	0375AnonymousTranslator.TarikhCalamUrusiyus.MAB020626-ara1.completed.ms128	229	ب---- -ال-روم وغلب عليهم ومضي ال----ي البرية فقتل بها من الن-اس الافا و-غلب -ع-لي -مداءن --فاجتمع --ل-ه-- ----------جم-ع لا -يقاد وجي-ش --لا يرام ---فا----ذل- جمي-ع الروم -وذهبت عين-ه في --بعض --الحروب -وغمر--- ال---بلدان وا-لم-دا-----ءن ---عم----ا--رة وهدما -وسبيا -----و-ان--ته-----ا-با ثم ---حشد --------ج------ميع ------------------اهل بلد ال-ر---وم وعبا----- عسكرا فيه ماءتا الف راجل وخمسون الف فارس سوي من كان فيه من اصحابه المقدونيين ومن غيرهم من اجناس اليونانيين يريد -----غزو الفرس -فبي	بعضهم بالفءوس ونفي بعضهم -الي الاقاصي بعد ان استل-بهم اجمعين اموال-هم وجميع نعمهم ثم اخذ قوما كان اهل هذه الكورة نفوهم عنها فردهم اليها وولي منهم قوادا وعمالا عليها ثلاثماءة رجل بين قاءد وحاكم لما عرفه من حردهم علي اهلها- وانهم لا يقصرون جهدهم في اذلال اهلها اذلالا لا يرومون معه دفع الرق عن انفسهم ولا استرجاع الحرية اليهم ثم حشد جميع اهل بلد الغريقيين وعبا منهم عسكرا فيه ماءتا الف راجل وخمسون الف فارس سوي من كان فيه من اصحابه المجذونيين ومن غير-- ---اجناس اليونانيين يريد بذلك غزو الفرس وولي	344	128	0	6845613131477824723	6151704559994061651	168	495	46.26262664794922	20	0845Maqrizi.Mawaciz.Shamela0011566-ara1.mARkdown	0375AnonymousTranslator.TarikhCalamUrusiyus.MAB020626-ara1.completed
44	637	766	1516	-6636270028460100563	-4029061759496275370	0845Maqrizi.Mawaciz.Shamela0011566-ara1.mARkdown.ms2159	0375AnonymousTranslator.TarikhCalamUrusiyus.MAB020626-ara1.completed.ms077	477	-ل--ك ال--ي ان مات- ولدها وجزعت عليه فس-ا--ل الي-اس --ربه -تعالي ف-احيي ا-لولد وامره ال-له ان يسير الي- احءب مل-ك -بني اسراءيل -لينزل- المطر -عن-د اخباره له بذلك فسار ا-ليه وقال له اجمع بني اسراءيل وا-بناء ب-عال ف----ل---ما- ---ا-ج--تم-عوا-- ----قا--ل- ------لهم الياس----------- الي متي هذا الضلال ان كان الرب الله فاعبدوه وان كان بعال هو الله فارجعوا بنا اليه --وقال ل--يقرب كل -منا قربان--ا فاقرب -انا لله و-قربوا -انتم لب--عال ---فمن تق-ب--ل من--ه ---قربانه -و-نزلت نار -من ال-سماء فاكلته ف----ال-هه ا------لذ-ي يعبد فلما- --رضوا- بذلك ا-حضرو--ا-- --ثورين واختاروا --احدهما وذبحوه -وصاروا ينادون عليه يال بعال يال -بعال -والياس يسخر بهم ويقول لو رفعتم اصواتكم قليلا فلعل ال-هكم ناءم او مشغول --------و-----هم------- يصرخون ويجرحون ايديهم بالسكاكين و-دم------ا--ءهم -ت---سيل فل-ما ايسوا من ان تنزل النار وتاكل قربانهم دعا الياس ال---قوم الي نفسه واقام مذبح--ا--- وذبح --ثوره وجعله علي- -ا--	الياس النبي ان ياتي ويظهر لاحاب مل-ك اسراءيل -لينزل المطر فلما عرف احاب اقباله خرج وقال له لما نظر اليه الست الذي تخبل اسراءيل فقال له الياس النبي ما انا هو ب-ل- انت واهل ثم قال له اجمع بني اسراءيل وانبياء باعال في جبل كرمان فلما جمعهم هنالك احاب الملك اختطب لهم الياس النبي فقال الي متي هذا الضلال ان كان الرب الله فاعبدوه وان كان بعال هو الله فارجع-- بنا اليه ثم قال لهم اعطوني ثورا -ولانبياء بعال ثورا ويدعون ربهم وادعو ربي فمن قبل منا قربانه ونزلت النار علي ثوره فاكلته فهو الذي يعبد الله فرضي القوم اجمعون بذلك فقال الياس لانبياء بعال اختاروا احد الثورين وا-بدءوا بقربانكم فذبحوا ثورهم ثم نادوا عليه -ال بعال والياس في ذلك كله يزري بهم ويقول لو رفعتم اصواتكم قليلا -لعل الاهكم ناءم او مشغول ببعض الجواءح وهم في ذلك يصرخون ويجرحون ايديهم بالسكاكين والمزاريق الصغار حتي كانت الدماء تجري من ابدانهم فلما- انقطع -رجاءهم دعا الياس الي نفسه القوم ثم -اقام مذبحا الله وذبح الثور- وجعله عليه وامر	2159	77	0	-6067955474615903976	3221956130089157679	357	893	53.41545486450195	42	0845Maqrizi.Mawaciz.Shamela0011566-ara1.mARkdown	0375AnonymousTranslator.TarikhCalamUrusiyus.MAB020626-ara1.completed
317	1	966	828	-6636270028460100563	-4029061759496275370	0845Maqrizi.Mawaciz.Shamela0011566-ara1.mARkdown.ms0020	0375AnonymousTranslator.TarikhCalamUrusiyus.MAB020626-ara1.completed.ms019	438	وثلاثون وهي امهات الجبال وقد سموها في-ما فسروه منها في جهة الشرق سبعة وفي جهة المغرب خمسة عشر و--في الشمال اثنا عشر و--في الجنوب اثنان والبلدان ---------الكبار ثلاثة وستون -منها -----في ا--لم-شرق -س-----بع---ة ---و---في ا-ل-----مغرب خم------سة وعشر----ون وفي ا-ل--شمال--- تسعة -عشر-- و--في الجنوب اثنا عشر و-------ق-د سموها ---والكور الكبار المعروفة تسع وماءتان -منها -----في ا--لم-شرق -خمس وسبع-ون- ---و---في المغرب -ست وستون-- -وفي الش----مال س---ت و--في ال--جنوب اثنان و-----------ست-و----------------ن ---و--الانهار الكبار المعروفة في جميع الدنيا ستة وخمسون منها لجزء الشرق سبعة عشر ولجزء الغرب ثلاثة عشر ولجزء الشمال تسعة عشر ولجزء الجنوب سبعة و---ا-لاقاليم ال----سبع-ة------ كل -اقليم--- من-----ها ---كا-نه --بسا-ط مفر--وش قد م-د طوله من الشرق --ا-----لي- ---ا--لغرب وعرضه من ---الشمال -الي ---الجنوب -وهذه ال---اق-اليم مختلفة -الطول وا-لعرض فالا	وثلاثون وهي امهات الجبال وقد سموها في ما فسروه منها --لجزء الشرق سبعة و--لجزء ال-غرب خمسة عشر ولجزء ال-جوف اثنا عشر ولجزء القبلة اثنان -البلدان المعروفة الكبار ثلاثة وستون تركنا ترجمتها اذ لم تكن اسماءها عندنا معروفة في اللسان العربي منها لجزء الشرق سبعة ومنها لجزء الغرب خمسة وعشرون ولجزء الج-وف تسعة عشر ولجزء القبلة اثنا عشر الكور الكبار المعروفة تسع وماءتان تركنا ترجمتها اذ لم تكن اسماءها عندنا معروفة في اللسان العربي منها لجزء الشرق خمس وسبعون ولجزء الغرب ست وستون ولجزء الجوف ست ولجزء القبلة اثنان وستون الانهار الكبار المعروفة في جميع الدنيا ستة وخمسون ----------------سبعة عشر ولجزء الغرب ثلاثة عشر ولجزء ال-جوف تسعة عشر ولجزء القبلة سبعة وصف انهار جزء المشرق وعدة اميال كل واحد منها من مخرجها الي اقصي منتهاها نهر طوذريش مخرجه في من ثلاثة مواضع فيصير نهرا واحدا ومصبه في بحر كشبيو وعدة امياله من مخرجه الي موقعه ثمانيماءة واثنان واربعون ميلا	20	19	0	2285277100798311898	8523618295347706467	335	852	51.408451080322266	42	0845Maqrizi.Mawaciz.Shamela0011566-ara1.mARkdown	0375AnonymousTranslator.TarikhCalamUrusiyus.MAB020626-ara1.completed
1	1058	397	1492	-6636270028460100563	-4029061759496275370	0845Maqrizi.Mawaciz.Shamela0011566-ara1.mARkdown.ms0345	0375AnonymousTranslator.TarikhCalamUrusiyus.MAB020626-ara1.completed.ms131	232	مبيعا وجعل ساء----ر بل----ادهم و-----كورهم تءدي اليه الخراج-------------------------------------- ثم قتل جميع اختانه واكثر اقاربه في وقت تعبيته لمحاربة الفرس وكان جميع عسكره ---------اثنين و-عشرين الف فارس وستين الف راجل وكانت مراكبه خمسماءة مركب وثمانين مركبا فحرك بهذه العدة كبار ملوك الدنيا وسار الي الاسكندرية ودخل بيت المقدس وقرب فيه لله تعالي قربانا وخرج يريد محاربة دارا وكان في عسكر دارا ملك الفرس في اول ملاقاته اياه ستماءة الف مقاتل فغلبه الاسكندر	مبيعا وجعل ساءر كور بلد طشالية وبلد اقايية يءدي اليه الخراج ثم غلب بعد ذلك علي اهل اليوقة وطراكية ثم قتل جميع اختانه واكثر اقاربه في وقت تعبءته لمحاربة الفرس وكان جميع عسكره فيما حكي اثنين وثلاثين الف فارس وستين الف راجل وكانت مراكبه خمسماءة مركب وثمانين مركبا فلقد كان في امره اعجوبة اذ كان يقدم نفسه في مثل هذه القلة علي تحريك كبار ملوك الدنيا فضلا عن غلبته وكان في عسكر داري ملك الفرس في اول ملاقاته -----------------------ستماءة الف مقاتل فغلبه الاسكندر	345	131	0	-3745066140168840225	7801281652361754306	186	457	50.765865325927734	32	0845Maqrizi.Mawaciz.Shamela0011566-ara1.mARkdown	0375AnonymousTranslator.TarikhCalamUrusiyus.MAB020626-ara1.completed
1	650	196	893	-6636270028460100563	-4029061759496275370	0845Maqrizi.Mawaciz.Shamela0011566-ara1.mARkdown.ms0347	0375AnonymousTranslator.TarikhCalamUrusiyus.MAB020626-ara1.completed.ms134	156	بنحو من ستين سنة نحو تسعة عشر الف الف الي الف الف ما بين راكب وراجل من اهل بلد العراق وال----شام و----طرسوس و-------مصر و--جزيرة ----------------رودس وجميع ---ا--لبل--دان الذين درسهم الاسكندر اجمعين وكان -سل-طا-ن الدنيا -مقسوما ب--ين -------ق-وا-ده ب-	بنحو من ستين سنة نحو تسعة عشر الف الف الي الف الف ---بين راكب وراجل من اهل بلد ا-شيا- وبلد سورية وبلد طرسوس وبلد جليجية وقبذوخية وبلد مصر وجزيرة روذس وجميع بلدان جبل طوره الذين درسهم الاسكندر اجمعين و-ان قال قاءل ا--نما غلب علي بلدان المشرق قلنا له بل	347	134	0	-5461246677562321969	-3631928846614084809	120	251	62.15139389038086	23	0845Maqrizi.Mawaciz.Shamela0011566-ara1.mARkdown	0375AnonymousTranslator.TarikhCalamUrusiyus.MAB020626-ara1.completed
30	31	904	1261	-6636270028460100563	-4029061759496275370	0845Maqrizi.Mawaciz.Shamela0011566-ara1.mARkdown.ms0344	0375AnonymousTranslator.TarikhCalamUrusiyus.MAB020626-ara1.completed.ms124	549	وهي من ا--عم-ال --ملوك القبط الاول -ومن ا--عما-ل --الفرا---عنة ال-ذين-- --ملكوا مصر -م---ن قديم ال--زم--ان- -ذكر ال------اسكندر -هو الاسكندر -بن فيليب---س بن ام-نته ويقال -امنتاس بن ---هركلش ويقال -هر---قول الجبار الذي هو ابن الاسكندر الاعظم ولي- -اب--وه --فيليبس --ال--مل-ك في -ب---ل----د- -----م--جد----ون---ي-ة -و-يقال- ----م------------قدو----ن--ية -------------خمسا وعشرين سنة استنبط فيها ضروبا من الم-كر وابتدع انواعا من الشر تقدم فيها كل من ولي الملك بها قبله وكان في اول امره قد جعله اخوه الاسكندر رهينة عند امير --------------من الروم ----------فاقام عنده ثلاث سنين و-------------------------كان فيلسوفا ----ف---تعلم عنده ضروب الفلسفة فلما قتل اخوه الاسكندر -----اجتمع -النا-س عل----ي ------تو-لية -فيليبس فول----وه ---اميرا فقام في -السلطا--ن مقاما عظيما -فحار-ب --ا-لروم وغلب عليهم و--مضي الي البرية ف--قتل بها م---------ن الناس الافا وغلب علي مدا---ءن فاجتمع -ل--ه جمع --ل-ا يقاد -وجيش لا يرام فاذل جميع ا--لروم وذهبت ع-ينه ----في ب----عض الحرو----ب----- و-غمر-- ال------بل-دان-- و----ا-ل-مدا--ءن -ع------ما--رة وهدما-- ---و-------سبي-----ا وا-نته-----ا-با ث--م -----حشد جميع- اهل بلد ال--روم-- -وعب--ا-- عسكر-ا ف----يه- م--اءتا- ال-ف- را------جل- ------و-------خمسون- ال-ف فارس سوي م----ن كا-ن فيه من -اصحا-به المقدونيين -ومن غي	وهم من الروم الغريقيين ال-ذي -كانت زوجه النبياذة بنت ثراءش اخت الاسكندر المذكور وهي ام الاسكندر الاعظم وانا راجع الي وصف ذلك في بعض ال-س-نين الماضية باخصر ما يمكنني واجمع ما عليه ان شاء الله الباب الرابع من الج-زء ال-ثالث ولي الملك في بلد مجذونية فلبش بن امنته بن هركلش الذي هو ابو الاسكندر الاعظم بعد بنيان مدينة رومة الي اربعماءة سنة وثلاث وعشرين سنة وكانت ولايته خمسا وعشرين سنة استنبط فيها ضروبا من المنكر وابتدع انواعا من الشر تقدم فيها كل من ولي الملك بها قبله وكان في اول امره قد جعله اخوه الاسكندر رهينة عند امير الطمانيين وهم من الروم الغريقيين فاقام عنده ثلاث سنين واسمه ابمننده الاعظم الذي كان فيلسوفا معروفا وتعلم عنده ضروب الفلسفة فلما قتل اخوه الاسكندر بما كان من خبر امه المعروف وفسقها وانها قد كانت قتلت قبله ولدا لها غيره في خبر لها يوصف فيه فسقها وعهارها وكانت قد قتلت زوجها وتزوجت زوج ابنتها في قصص لها معروفة وكان الملك قد صار الي ولد لها صغير فاجتمع الناس علي تولية فلبش فولوه -اميرا- فقام -في- السلطان مقاما عظيما واكتفي بمحاولة الحروب البرانية ومحارزة المراصد الجوانية وكان اول محاربته مع الاثنياشيين وهم اجل الروم الغريقيين قدرا واوسعهم ملكا واكثرهم عدة وعددا فبعد ا-ن غلب عليهم مضي بحربه الي البرية فقتل بها من الناس الافا لا يوقف علي عددها وافتتح المدينة العظمي ثم مضي محاربا لاهل طشالية وهم اخوة المجذونيين رغبة في	344	124	0	6845613131477824723	4835226040095044809	397	1241	44.23851776123047	44	0845Maqrizi.Mawaciz.Shamela0011566-ara1.mARkdown	0375AnonymousTranslator.TarikhCalamUrusiyus.MAB020626-ara1.completed
1183	646	1589	1198	-6636270028460100563	-4029061759496275370	0845Maqrizi.Mawaciz.Shamela0011566-ara1.mARkdown.ms1431	0375AnonymousTranslator.TarikhCalamUrusiyus.MAB020626-ara1.completed.ms265	225	ا---ن-- ملكه -سبعين سنة وا----ختلف-وا فيم---ن --يملك -ب---عده- وا-رادو-ا ان--- يقيموا --واحدا -م-ن و----ل-د -اتري-ب -فقال بعض ال-وزراء ود-عا --لجو--ري-اق فتم -لها الامر وملكت -فهذا كان ا-ول -ا---مر -هذا ال---خلي---ج ثم حفر-ه- -----م-رة ---ثا--ني-ة ---ا-دريان- قيصر ----احد ملوك الروم ومن -ال-----نا--س -من --ي---سميه اند-رويانو--س و-من--هم --من يقول- ---ه---و----ريان---وس -قا-ل --في -تا-ري-خ مدي---نة --رومة ----وولي الملك ادري--ان قيص-ر- احد مل--وك ال--روم وكان-----ت ولا-يته ا--حدي وعشرين سنة وهو الذي درس اليهود مرة ثانية اذ كانوا راموا النفاق عليه وهو	ان ينقل اليه السكان من مواضع مختلفة اذ لم تكن اليهود ابقوا بها عامرا ولا منسلا وفعلوا نحو ذلك بمصر وبعسقلان وبثشيذا حتي صاروا الي الاسكندرية فنكبوا فيها وقتل منهم عدد كثير في حربها ثم ثاروا بالكوفة فغزي اليهم قيصر جندا حاربهم وقتل منهم الافا كثيرة واما طريانش قيصر فبيناه يتجول علي مداءن مملكته اصابته علة شديدة فمات بمدينة شلوقية ودفن بها وولي الملك بعده اخوه ادريان قيصر فكانت ولايته احدي وعشرين سنة ادريان قيصر ولي احدي وعشرين سنة فصارت سنو الدنيا الي اخر زمانه خمسة الاف وثلاثماءة وعشرين ----وهو الذي درس اليهود مرة ثانية اذ كانوا راموا النفاق عليه وهو	1431	265	0	-8111350784957588441	-2244217716239095221	165	556	40.46762466430664	14	0845Maqrizi.Mawaciz.Shamela0011566-ara1.mARkdown	0375AnonymousTranslator.TarikhCalamUrusiyus.MAB020626-ara1.completed
1137	1	1529	492	-6636270028460100563	-4029061759496275370	0845Maqrizi.Mawaciz.Shamela0011566-ara1.mARkdown.ms2158	0375AnonymousTranslator.TarikhCalamUrusiyus.MAB020626-ara1.completed.ms077	207	--ال-له ان يسير- --الي --بعض --م-داءن -صيدا ف----خرج حتي -وافي باب المدينة ---فاذا امراة تحتطب فسا--له--ا---- -ماء يشربه -----و-----خبزا-- -ياكل-ه فاقسمت له- -ا--ن- ----م----ا-- ---عن-دها--- الا مثل غرفة دقيق في اناء وشء من زيت في جرة وانها تجمع الحطب لتقتات منه هي وابنها فبشرها الياس عليه السلام وقال لها لا تجزعي وافعلي ما قلت لك واعملي لي خبزا قليلا قبل ان تعملي لنفسك ولولدك فان الدقيق لا يعجز -------------------------------من الاناء ولا الزيت من الجرة حتي ينزل المطر ففعلت ----ما امرها	وقال له اني امرت هنالك امراة ارمل بان تعولك فلما بلغ الياس الي باب المدينة نظر الي امراة تحتطب فقال لها ايتني بماء اشربه فلما ولت عنه نادي في طلبها وق-ال لها وايتني بشء من فقالت له ونبي الله الا مثل غرفة دقيق في اناء وشء من زيت في جرة وانما اجمع هذا الحطب لاعمل لنفسي ولولدي فناكله ثم نموت فقال لها الياس لا تجزعي بل اذهبي وافعلي علي ما قلت لك واعملي خبزا قليلا قبل ان تعمل لنفسك ولولدك فان هذا ما يقوله رب اسراءيل لا يعجز الدقيق من الاناء ولا الزيت من الجرة حتي ينزل المطر ففعلت علي ما امرها	2158	77	0	-2949479803287449576	3221956130089157679	157	492	42.07316970825195	26	0845Maqrizi.Mawaciz.Shamela0011566-ara1.mARkdown	0375AnonymousTranslator.TarikhCalamUrusiyus.MAB020626-ara1.completed
943	49	1379	815	-6636270028460100563	-4029061759496275370	0845Maqrizi.Mawaciz.Shamela0011566-ara1.mARkdown.ms0344	0375AnonymousTranslator.TarikhCalamUrusiyus.MAB020626-ara1.completed.ms129	380	فبينما هو يجمع هذا الجم----ع-- ------------نظر في تزويج ابنة له يقال لها قلوبطرة من ختنه اخي امراته ----وخال ولده- الاسكندر وجلس ----قبل- ال----عر---س --بيومين ----يحدث قوا--------ده ----ا-----------------------------------ذ سءل ----ع-------ن اي الموتات احق ان يتمناها الانسان فقال الواجب علي الرجل -------القوي الظافر المجرب يريد نفسه ان لا يتمني الموت الا بالسيف فجاة لءلا يعذبه المرض -------------وتحل قوته الاوجاع فعجل له ما تمني ---في ذلك العرس و---ذلك -----انه ----حضر -------------------------ل----------------------------------------------------------------------------------------------------------------------------------------------------------------------------------عبا كان علي الخيل بين ولده الاسكندر وختنه الاسكندر فبينما هو في ذلك غافله احد احداث ا-لروم بطعن	فبين-ا-ه- يجمع هذا الجمع ويعبء هذه التعبءة نظر في تزويج ابنة له يقال لها فلوبطرة من ختنه اخي امراته التي كان اسمها النبياذة واسم ختنه ذلك الاسكندر وهو خال ولده الاسكندر الاعظم فبيناه قبل العرس بيومين يحدث قواده في مجلس له اذ سءل في بعض الحديث اي الميتات احق ان يتمناها الانسان فقال الواجب علي الرجل الشريف القوي الظافر المجرب يريد نفسه ا--لا يتمني الموت الا بالسيف فجاة لءلا يعذبه المرض وتسمجه العلة وتحل قوته الاوجاع فعجل له ما تمني به في تلك العرس وما ضره استخفافه بالالهة الذين كثيرا ما امتهن هياكلهم بالغارة عليها فما جزوه بميتة مستنكرة ولا بعاقبة مستفظعة فاين الذين يزعمون ان البلاء اصابهم لتركهم عبادة الاوثان من تذكر قصة فلبش وان عاقبته كانت علي مثال امنيته وذلك انه حضر لعبا كان علي الخيل بين ولده الاسكندر وختنه الاسكندر فبين-ا-ه- في ذلك غافصه احد احداث اللجذمونيين	344	129	0	6845613131477824723	315357497115514686	300	774	49.09560775756836	54	0845Maqrizi.Mawaciz.Shamela0011566-ara1.mARkdown	0375AnonymousTranslator.TarikhCalamUrusiyus.MAB020626-ara1.completed
1040	1	1590	649	-6636270028460100563	-4029061759496275370	0845Maqrizi.Mawaciz.Shamela0011566-ara1.mARkdown.ms0346	0375AnonymousTranslator.TarikhCalamUrusiyus.MAB020626-ara1.completed.ms134	491	الفرس والنظر فيه وقسمته علي ----عسكره ثلاثين يوما ثم مضي -----الي مدينة ---ال-فرس التي كانت ----را---س ----مملكتهم والتي -اجتمعت فيها اموال الدنيا ونعمها فهدمها و-ن-هب ما فيها --فبلغه عن دارا انه صار عند قو--م- -----م-------كبلا في كبول من فضة -----------فته----يا- --وخر-ج في ----ست--ة ---------------------------الا--ف--- ف-وجده بالطريق----- مجروحا جراحات كثيرة فلم يلبث ان هلك منها فاظهر الاسكندر الحزن عليه والمرثية له وامر بدفنه في مقابر الملوك -من -اهل مملكته وكان في امر هذه الثلاث --معارك عبرة لمن اعتبر ووعظ لمن اتعظ ا-ذ قتل فيها من اهل مملكة واحدة نحو من خمسة عشر الف الف بين راكب وراجل من اهل بلد اسيا وهي العراق وقد كان قتل من اهل تلك المملكة قبل ذلك	الفرس والنظر فيه وقسمته علي اهل عسكره ثلاثين يوما ثم مضي منها الي مدينة برشبلو لم التي كانت بيضة الفرس وراس ملك-هم -التي كانت -اجتمعت اموال الدنيا ونعمها فهدمها وانتهب ما فيها ثم بلغه عن داري انه صار عند قوم من اللجذمونيين مكبلا في كبول من فضة وكان الذي اسره دمشقان بن ارنت بن خلب فتهيا لاتباعه وخرج متقدما في ستة الاف فارس فالفاه بالطريق وحدة مجروحا جراحات كثيرة فلم يلبث ان هلك منها فاظهر الاسكندر الحزن عليه والمرثية له وامر بدفنه في مقابر الملوك قال هروشيوش فلقد كان في امر هذه الثلاث المعارك عبرة لمن اعتبر ووعظ لمن اتعظ انه قتل فيها من اهل مملكة واحدة نحو من خمسة عشر الف الف بين راكب وراجل من اهل بلد اشيا -----------وقد كان قتل من اهل تلك المملكة قبل ذلك	346	134	0	503151924999126233	-3631928846614084809	386	662	74.16918182373047	82	0845Maqrizi.Mawaciz.Shamela0011566-ara1.mARkdown	0375AnonymousTranslator.TarikhCalamUrusiyus.MAB020626-ara1.completed
37	1	603	733	-6636270028460100563	-4029061759496275370	0845Maqrizi.Mawaciz.Shamela0011566-ara1.mARkdown.ms0346	0375AnonymousTranslator.TarikhCalamUrusiyus.MAB020626-ara1.completed.ms133	364	-- ملوك الدنيا خاضعين له فعفا عن بعض ونفي بعضا وقتل بعضا --ومضي الي احراز طرسوس وكانت مدينة زاهرة قديمة عظيمة الشان و----اهلها قد وثقوا بعون اهل افريقية لهم لصهر كان بينهم فحاصرهم فيها حتي افتتحها --ومضي منها ---ا-------ل--ي- -----رودس والي مصر فانتهب الجميع --وبني مدي--نة ال----ا---سك-ندري---ة ---با-رض مصر --وقا-ل هروش--ي----وش ---وله في--- بنيا--نه---ا- -اخبار -طوي-لة --وسيا-سا-ت كرهنا تطويل ---كتا-بنا بها -ثم ا---ن دا-را --لما- ي---ءس من- -م-----صا-لحته- --اقبل- -في ار-----بعما---ءة ----ال---ف را--جل -وما------ءة ا---لف -فا-رس --فت-لقي الاسكندر -م-قب-لا من -ناحية --مصر -في ا--ع-مال م-دي---نة -طرسوس -فكانت بينهما مع---رك--ة عجيبة شنيعة اجته--ادا -من الروم عل-ي ما كانوا خبروه و-اعت--ادو-ا --من الغلبة والظفر واجتهادا م--ن ال---	من ملوك الدنيا خانعين له فعفا عن بعض ونفا بعضا وقتل بعضا ثم مضي الي احواز طرسوس وكانت مدينة زاهرة قديمة عظيمة الشان وكان اهلها --واثقين بعون اهل افريقية لهم لصهر كان بينهم فحاصرهم فيها حتي افتتحها ثم مضي منها فاصاب بلد جليجية وبلد روذس وبلد مصر وانتهب الجميع ثم بلغ الي بيت الوثن الذي كان في ذلك الزمان ليوبش وهو اسم المشتري الدري ليساله ويستر بمساءلته اياه ما كان يرمي به من عهار امه وجهالة ابيه فدعا القيم علي ذلك الوثن وامره سرا ان يجاوبه عنه بما احب ان يظهر من قوله قال هروشيوش هذا حكته كتب المجوس فاقروا بحكايتهم ذلك ان تلك الالهة كانت عند الاسكندر صما بكما اذ في حكم القيم الجواب عنها بما يوافقه ويوافق الساءل وان-ما فعل ذلك الاسكندر مستهزءا به لانه كان ا-علم الناس انها لا -تعقل ولا تفهم ولا تسمع ولا تجاوب وفي رجوعه من مكان الوثن	346	133	0	503151924999126233	-9018933728813023257	270	737	49.3894157409668	32	0845Maqrizi.Mawaciz.Shamela0011566-ara1.mARkdown	0375AnonymousTranslator.TarikhCalamUrusiyus.MAB020626-ara1.completed
